qFVOjMBeZtUF7v82DhG6b8GvujrfoDnVCcLVoE0vTYw=,4706,AK25KJwY24nrYEkQ0w1tygtw25OvHaXI7JPFtnYXqck=,jBtewRsxdrbpyNIqrisqVKTcf3uguq5ERiHRrFwIwwQ.avif
qFVOjMBeZtUF7v82DhG6b8GvujrfoDnVCcLVoE0vTYw=,4706,SljUa5ZQYene0sj9g3IZg7pScvD4mRkLsIP6hOwle4Q=,6YDNiZDCjZuELtyyMp44j2ebsRAVQGBwNAxzv_YIqJo.jpg
qFVOjMBeZtUF7v82DhG6b8GvujrfoDnVCcLVoE0vTYw=,4706,jXIBwTGfI9JGXsBz3cED66u47qTLz30vxVTqAF5hNuY=,oyrVzkT665exuNkusMRw_Zi_YiwnptDlvoI20CQwh3U.webp
qFVOjMBeZtUF7v82DhG6b8GvujrfoDnVCcLVoE0vTYw=,4197,AK25KJwY24nrYEkQ0w1tygtw25OvHaXI7JPFtnYXqck=,iH1DYN2FnZA5Y0jpuCB9bJI_DPEZcSUqMW2il5yHs6Q.avif
qFVOjMBeZtUF7v82DhG6b8GvujrfoDnVCcLVoE0vTYw=,4197,SljUa5ZQYene0sj9g3IZg7pScvD4mRkLsIP6hOwle4Q=,n1glKalbdga8CV5LSICDDzoO85stwREEVOVliGVSvz0.jpg
qFVOjMBeZtUF7v82DhG6b8GvujrfoDnVCcLVoE0vTYw=,4197,jXIBwTGfI9JGXsBz3cED66u47qTLz30vxVTqAF5hNuY=,Y4ZgHixaCbE-L0jyglJcEHutmbnX-olwW1MMlesDHA4.webp
qFVOjMBeZtUF7v82DhG6b8GvujrfoDnVCcLVoE0vTYw=,3804,AK25KJwY24nrYEkQ0w1tygtw25OvHaXI7JPFtnYXqck=,bvDpiDzZbY_tsfD8LaWmtKxOW09CvsSrCNcAJCHt150.avif
qFVOjMBeZtUF7v82DhG6b8GvujrfoDnVCcLVoE0vTYw=,3804,SljUa5ZQYene0sj9g3IZg7pScvD4mRkLsIP6hOwle4Q=,mh8prts3t93cWCctuQb87IkTjUUvVFad__kwl9yxvH8.jpg
qFVOjMBeZtUF7v82DhG6b8GvujrfoDnVCcLVoE0vTYw=,3804,jXIBwTGfI9JGXsBz3cED66u47qTLz30vxVTqAF5hNuY=,-j4CNTbeAdj8m1Qrq6NPntwESi4GX_VcguL_jS_IWSk.webp
qFVOjMBeZtUF7v82DhG6b8GvujrfoDnVCcLVoE0vTYw=,3720,AK25KJwY24nrYEkQ0w1tygtw25OvHaXI7JPFtnYXqck=,3iUy7JtargqQYiev845p8VR-wjEwPzhiLQw337YnBEQ.avif
qFVOjMBeZtUF7v82DhG6b8GvujrfoDnVCcLVoE0vTYw=,3720,SljUa5ZQYene0sj9g3IZg7pScvD4mRkLsIP6hOwle4Q=,QVkjeU_CZytXuXFKESJfgJ59rt1nl2GrnT84e6RoULY.jpg
qFVOjMBeZtUF7v82DhG6b8GvujrfoDnVCcLVoE0vTYw=,3720,jXIBwTGfI9JGXsBz3cED66u47qTLz30vxVTqAF5hNuY=,vSok9GikV_hzREsiRp9yacKDQA7SODBWpIa8IT3j8N8.webp
qFVOjMBeZtUF7v82DhG6b8GvujrfoDnVCcLVoE0vTYw=,3528,AK25KJwY24nrYEkQ0w1tygtw25OvHaXI7JPFtnYXqck=,9l0p5-hY4TKFtAIGslesLJGFjT798AUDM3Ux5CszuqE.avif
qFVOjMBeZtUF7v82DhG6b8GvujrfoDnVCcLVoE0vTYw=,3528,SljUa5ZQYene0sj9g3IZg7pScvD4mRkLsIP6hOwle4Q=,cynbRlKqodRz7KcqvHGuPapxBPqjr3QEUJ3ZSmkr4iQ.jpg
qFVOjMBeZtUF7v82DhG6b8GvujrfoDnVCcLVoE0vTYw=,3528,jXIBwTGfI9JGXsBz3cED66u47qTLz30vxVTqAF5hNuY=,SLRJ5C8f0ugnwLFCFFHcPpLkIiEz6TLT5BOmSQpWggk.webp
qFVOjMBeZtUF7v82DhG6b8GvujrfoDnVCcLVoE0vTYw=,3088,AK25KJwY24nrYEkQ0w1tygtw25OvHaXI7JPFtnYXqck=,DTHzi8iu6sngkypDcUjvdrh4Ettq_pCE1T0coeEOnAA.avif
qFVOjMBeZtUF7v82DhG6b8GvujrfoDnVCcLVoE0vTYw=,3088,SljUa5ZQYene0sj9g3IZg7pScvD4mRkLsIP6hOwle4Q=,kxhwXQEHWTtWZ5LEw3-39kr0p3KeNFvL4SnI8EBgHbQ.jpg
qFVOjMBeZtUF7v82DhG6b8GvujrfoDnVCcLVoE0vTYw=,3088,jXIBwTGfI9JGXsBz3cED66u47qTLz30vxVTqAF5hNuY=,tITdB8szCTqU38E9ku4p74pPo8YqdYSmw-Hxt4OOoLA.webp
qFVOjMBeZtUF7v82DhG6b8GvujrfoDnVCcLVoE0vTYw=,2646,AK25KJwY24nrYEkQ0w1tygtw25OvHaXI7JPFtnYXqck=,5O1IE9lZFYFeA-4iLTsIgloFhqhNGVmSWIk5zBa1d5E.avif
qFVOjMBeZtUF7v82DhG6b8GvujrfoDnVCcLVoE0vTYw=,2646,SljUa5ZQYene0sj9g3IZg7pScvD4mRkLsIP6hOwle4Q=,JGXhpQfQmCsmbDy4oXUJfcjzDZ7tjWMV7_1cTwVIrCk.jpg
qFVOjMBeZtUF7v82DhG6b8GvujrfoDnVCcLVoE0vTYw=,2646,jXIBwTGfI9JGXsBz3cED66u47qTLz30vxVTqAF5hNuY=,8S6OW83UTnzDD9lA4__6cZb0YkVEOSUMofLOeI1ZY14.webp
qFVOjMBeZtUF7v82DhG6b8GvujrfoDnVCcLVoE0vTYw=,2500,AK25KJwY24nrYEkQ0w1tygtw25OvHaXI7JPFtnYXqck=,I4LoqnOcHGtw25v9nL95cRZHobBkl5QIw4Ubc4l_nyM.avif
qFVOjMBeZtUF7v82DhG6b8GvujrfoDnVCcLVoE0vTYw=,2500,SljUa5ZQYene0sj9g3IZg7pScvD4mRkLsIP6hOwle4Q=,66P4c3fskyTEiVh9ZkzXm6muZFQ63wqHi0lEcX45SlA.jpg
qFVOjMBeZtUF7v82DhG6b8GvujrfoDnVCcLVoE0vTYw=,2500,jXIBwTGfI9JGXsBz3cED66u47qTLz30vxVTqAF5hNuY=,bI7s8a2uKRe3RLLTIteeV6YbbOiDAsTUKe7BEwYXBKw.webp
qFVOjMBeZtUF7v82DhG6b8GvujrfoDnVCcLVoE0vTYw=,2302,AK25KJwY24nrYEkQ0w1tygtw25OvHaXI7JPFtnYXqck=,XXE8PVqDYxObC1vFBF-b0lo072xy396lrf1XUHuWbqg.avif
qFVOjMBeZtUF7v82DhG6b8GvujrfoDnVCcLVoE0vTYw=,2302,SljUa5ZQYene0sj9g3IZg7pScvD4mRkLsIP6hOwle4Q=,go0z_WLAwNjigkgW9CVmuXBT67A3WOV2d1CVDFUnqI8.jpg
qFVOjMBeZtUF7v82DhG6b8GvujrfoDnVCcLVoE0vTYw=,2302,jXIBwTGfI9JGXsBz3cED66u47qTLz30vxVTqAF5hNuY=,NhuROan3bgxCKflGTIX1EafquLhYlRTlf9kCZYQBtmc.webp
qFVOjMBeZtUF7v82DhG6b8GvujrfoDnVCcLVoE0vTYw=,1860,AK25KJwY24nrYEkQ0w1tygtw25OvHaXI7JPFtnYXqck=,y_sjjX5XMwu7WDNd3oQkSsnpWE31KiQJJFsSU65LlJw.avif
qFVOjMBeZtUF7v82DhG6b8GvujrfoDnVCcLVoE0vTYw=,1860,SljUa5ZQYene0sj9g3IZg7pScvD4mRkLsIP6hOwle4Q=,gggz7VpGCHlF5f7gWFNIWeheB4F6qJtRmDC3CPBstZU.jpg
qFVOjMBeZtUF7v82DhG6b8GvujrfoDnVCcLVoE0vTYw=,1860,jXIBwTGfI9JGXsBz3cED66u47qTLz30vxVTqAF5hNuY=,qG8eeU04swdiYeJkoaquH_JUtU-6pAFztI3Fg82SFa4.webp
qFVOjMBeZtUF7v82DhG6b8GvujrfoDnVCcLVoE0vTYw=,1550,AK25KJwY24nrYEkQ0w1tygtw25OvHaXI7JPFtnYXqck=,N28bSx6WiBM10TDK3mSM8sjHJTgG1fUgps_KqhFM918.avif
qFVOjMBeZtUF7v82DhG6b8GvujrfoDnVCcLVoE0vTYw=,1550,SljUa5ZQYene0sj9g3IZg7pScvD4mRkLsIP6hOwle4Q=,p6pbwGJu7gF9F2qPiZ_K91hXHN-4PRdwKWFTwEFSQ8o.jpg
qFVOjMBeZtUF7v82DhG6b8GvujrfoDnVCcLVoE0vTYw=,1550,jXIBwTGfI9JGXsBz3cED66u47qTLz30vxVTqAF5hNuY=,p_ueARZv1WGUJHfqBtVI4m3yp4Cf42QH37crM6NBpeg.webp
qFVOjMBeZtUF7v82DhG6b8GvujrfoDnVCcLVoE0vTYw=,1323,AK25KJwY24nrYEkQ0w1tygtw25OvHaXI7JPFtnYXqck=,9-Bk1mm8ecoo67LfZ5KyWsOZOd6U7sCLchEbZj-BRRM.avif
qFVOjMBeZtUF7v82DhG6b8GvujrfoDnVCcLVoE0vTYw=,1323,SljUa5ZQYene0sj9g3IZg7pScvD4mRkLsIP6hOwle4Q=,o8no1iSXD_3MMOWQ259IRDnlgzNyRX9lYA6fQTLMztY.jpg
qFVOjMBeZtUF7v82DhG6b8GvujrfoDnVCcLVoE0vTYw=,1323,jXIBwTGfI9JGXsBz3cED66u47qTLz30vxVTqAF5hNuY=,qhu5mTnyclzEmDsMQTc9Da7vzvZKezfoyYYTvNYkTgs.webp
qFVOjMBeZtUF7v82DhG6b8GvujrfoDnVCcLVoE0vTYw=,1103,AK25KJwY24nrYEkQ0w1tygtw25OvHaXI7JPFtnYXqck=,iEzxinxbzlWpaqZwTdUD8yy9dTo_XcVBBa6Z7CaaAa8.avif
qFVOjMBeZtUF7v82DhG6b8GvujrfoDnVCcLVoE0vTYw=,1103,SljUa5ZQYene0sj9g3IZg7pScvD4mRkLsIP6hOwle4Q=,aWTAwou4W7N9wGRs6iWKZagoTMmEZmNM_defyKSQkhc.jpg
qFVOjMBeZtUF7v82DhG6b8GvujrfoDnVCcLVoE0vTYw=,1103,jXIBwTGfI9JGXsBz3cED66u47qTLz30vxVTqAF5hNuY=,Q5H9SGuQFWNnKTxGG3tK7Wh0Zr4r4VaOAp9F0b0IaXA.webp
qFVOjMBeZtUF7v82DhG6b8GvujrfoDnVCcLVoE0vTYw=,1034,AK25KJwY24nrYEkQ0w1tygtw25OvHaXI7JPFtnYXqck=,X5CiWNF5jADPc4E7BD7DMU4TeDmXAdQJ72TnGCiw1zE.avif
qFVOjMBeZtUF7v82DhG6b8GvujrfoDnVCcLVoE0vTYw=,1034,SljUa5ZQYene0sj9g3IZg7pScvD4mRkLsIP6hOwle4Q=,qM1xj2ihKmPEFLzo7_vahh1pTpotQAB6Shvby0IFEp4.jpg
qFVOjMBeZtUF7v82DhG6b8GvujrfoDnVCcLVoE0vTYw=,1034,jXIBwTGfI9JGXsBz3cED66u47qTLz30vxVTqAF5hNuY=,pW3ua4nMXYkUwCIQdUWTLedYyeJlPqsDh4hinxMLFAM.webp
QXfyAzjmhDJaVm6djuy6ktfZcq7j/5BhLFeGq/jNzus=,1798,AK25KJwY24nrYEkQ0w1tygtw25OvHaXI7JPFtnYXqck=,ZBllVBi_tsVZf-NCyJmCpTqYxiypQ667q7ge33BxZCo.avif
QXfyAzjmhDJaVm6djuy6ktfZcq7j/5BhLFeGq/jNzus=,1798,SljUa5ZQYene0sj9g3IZg7pScvD4mRkLsIP6hOwle4Q=,YXNta7Xk4oYT7JBQE58fMW_7kjpJgUspyJwqjv4-Clo.jpg
QXfyAzjmhDJaVm6djuy6ktfZcq7j/5BhLFeGq/jNzus=,1798,jXIBwTGfI9JGXsBz3cED66u47qTLz30vxVTqAF5hNuY=,5vq25t235yrYRaaJJNV1Ty7hF2CAkBqLJfB3SD7Ud0c.webp
QXfyAzjmhDJaVm6djuy6ktfZcq7j/5BhLFeGq/jNzus=,1536,AK25KJwY24nrYEkQ0w1tygtw25OvHaXI7JPFtnYXqck=,ugA3djZ0HDV6c2uZvF5Af-k5GPdfMPYl0XyM4kLImSI.avif
QXfyAzjmhDJaVm6djuy6ktfZcq7j/5BhLFeGq/jNzus=,1536,SljUa5ZQYene0sj9g3IZg7pScvD4mRkLsIP6hOwle4Q=,x-RP53LOYvZo8uRs6nYDhshsN7drtgq9kS0VP4Na5Wc.jpg
QXfyAzjmhDJaVm6djuy6ktfZcq7j/5BhLFeGq/jNzus=,1536,jXIBwTGfI9JGXsBz3cED66u47qTLz30vxVTqAF5hNuY=,5Xp7e_CwqJ-cdMbGt-YDTW6uleXsToHqGwokLjKSu-E.webp
QXfyAzjmhDJaVm6djuy6ktfZcq7j/5BhLFeGq/jNzus=,1400,AK25KJwY24nrYEkQ0w1tygtw25OvHaXI7JPFtnYXqck=,OwYLtqgRuSUUH-EBdUZAYEAkpQGaVsL1CGpuMcLkqoo.avif
QXfyAzjmhDJaVm6djuy6ktfZcq7j/5BhLFeGq/jNzus=,1400,SljUa5ZQYene0sj9g3IZg7pScvD4mRkLsIP6hOwle4Q=,-1bNAG_4rm_Dw4JxoPCa2gjiSRbumC42fXc8Jot14Ig.jpg
QXfyAzjmhDJaVm6djuy6ktfZcq7j/5BhLFeGq/jNzus=,1400,jXIBwTGfI9JGXsBz3cED66u47qTLz30vxVTqAF5hNuY=,Fl7FZOYvPjAxP3JjU_wK1rQXOrRjc8saBB6I77p_vuI.webp
QXfyAzjmhDJaVm6djuy6ktfZcq7j/5BhLFeGq/jNzus=,1341,AK25KJwY24nrYEkQ0w1tygtw25OvHaXI7JPFtnYXqck=,J-osahGAINc4JfZpu36SETwpYdKiB91CIN_5nYofbGE.avif
QXfyAzjmhDJaVm6djuy6ktfZcq7j/5BhLFeGq/jNzus=,1341,SljUa5ZQYene0sj9g3IZg7pScvD4mRkLsIP6hOwle4Q=,xGOjE24LB0GqcqpCyg_HfaKcSOLJ39ghlhdZwWRP99Q.jpg
QXfyAzjmhDJaVm6djuy6ktfZcq7j/5BhLFeGq/jNzus=,1341,jXIBwTGfI9JGXsBz3cED66u47qTLz30vxVTqAF5hNuY=,QucDDS2ZqpPpORcDE2sLwu6SzDWy5LqVhex4xGzBSlM.webp
QXfyAzjmhDJaVm6djuy6ktfZcq7j/5BhLFeGq/jNzus=,1255,AK25KJwY24nrYEkQ0w1tygtw25OvHaXI7JPFtnYXqck=,dXcsWHwHgGULPDJcXKZ7jjhm-RpVdEcnx6WX_i1B4kM.avif
QXfyAzjmhDJaVm6djuy6ktfZcq7j/5BhLFeGq/jNzus=,1255,SljUa5ZQYene0sj9g3IZg7pScvD4mRkLsIP6hOwle4Q=,yktP_blL9LjGqzboCSCVJm1wJ6VjiWgImUDunL3QNjw.jpg
QXfyAzjmhDJaVm6djuy6ktfZcq7j/5BhLFeGq/jNzus=,1255,jXIBwTGfI9JGXsBz3cED66u47qTLz30vxVTqAF5hNuY=,e8eWrcx_6B-gFFqteCzJdoDCYTi_JS6auggGctMvz_k.webp
QXfyAzjmhDJaVm6djuy6ktfZcq7j/5BhLFeGq/jNzus=,899,AK25KJwY24nrYEkQ0w1tygtw25OvHaXI7JPFtnYXqck=,SuHA-XMpJoHqDpRzhAvxwNkSgmj22KUBvOxPPT0Vxug.avif
QXfyAzjmhDJaVm6djuy6ktfZcq7j/5BhLFeGq/jNzus=,899,SljUa5ZQYene0sj9g3IZg7pScvD4mRkLsIP6hOwle4Q=,hVbSVRoiWcqytWbdR-mVsE5ezlQSi8Tx-5loDH2IjyM.jpg
QXfyAzjmhDJaVm6djuy6ktfZcq7j/5BhLFeGq/jNzus=,899,jXIBwTGfI9JGXsBz3cED66u47qTLz30vxVTqAF5hNuY=,wd2YVloc4D_i1pKdEL0RhFDy3ysQENY_737Qg5eWXWY.webp
QXfyAzjmhDJaVm6djuy6ktfZcq7j/5BhLFeGq/jNzus=,894,AK25KJwY24nrYEkQ0w1tygtw25OvHaXI7JPFtnYXqck=,kAs932Uj878wZ7ISc_-Jz62g1QlGzRs3M0VIAYaEm_g.avif
QXfyAzjmhDJaVm6djuy6ktfZcq7j/5BhLFeGq/jNzus=,894,SljUa5ZQYene0sj9g3IZg7pScvD4mRkLsIP6hOwle4Q=,GAMOFFm_5lUtJI3t58ho_V_5_SlQGCRUEFmNuAwCdaE.jpg
QXfyAzjmhDJaVm6djuy6ktfZcq7j/5BhLFeGq/jNzus=,894,jXIBwTGfI9JGXsBz3cED66u47qTLz30vxVTqAF5hNuY=,dA1lg2cOpfGYLHcJSkfjK3TPqeAwcdr0hGIZorvv6FQ.webp
QXfyAzjmhDJaVm6djuy6ktfZcq7j/5BhLFeGq/jNzus=,700,AK25KJwY24nrYEkQ0w1tygtw25OvHaXI7JPFtnYXqck=,jwc5aMUdXfoOyPA5_PBVic4_p_R8HlhXhhFYPNvcXQQ.avif
QXfyAzjmhDJaVm6djuy6ktfZcq7j/5BhLFeGq/jNzus=,700,SljUa5ZQYene0sj9g3IZg7pScvD4mRkLsIP6hOwle4Q=,iNbpqXIsV01A8HBHHUk_Al9Fj6nybAeoK9RIOslY6z4.jpg
QXfyAzjmhDJaVm6djuy6ktfZcq7j/5BhLFeGq/jNzus=,700,jXIBwTGfI9JGXsBz3cED66u47qTLz30vxVTqAF5hNuY=,bJ6qs_Bq4LzUkRKS2SjbaN8qvz623gRLDlHBBZ0FdoA.webp
QXfyAzjmhDJaVm6djuy6ktfZcq7j/5BhLFeGq/jNzus=,640,AK25KJwY24nrYEkQ0w1tygtw25OvHaXI7JPFtnYXqck=,2nkZ2fvYsuTUN1zVTQdgX9-1KM4X5ZmE1RTn2SNqd1Q.avif
QXfyAzjmhDJaVm6djuy6ktfZcq7j/5BhLFeGq/jNzus=,640,SljUa5ZQYene0sj9g3IZg7pScvD4mRkLsIP6hOwle4Q=,r7Q_g6cuEXy0glApzeQ4d_9X0OVp0Yb9FEFxTvJledQ.jpg
QXfyAzjmhDJaVm6djuy6ktfZcq7j/5BhLFeGq/jNzus=,640,jXIBwTGfI9JGXsBz3cED66u47qTLz30vxVTqAF5hNuY=,eAgwzlqFsa2tWCu-TmiNa5R6LqKJveJiAU1Xmvmz9ak.webp
QXfyAzjmhDJaVm6djuy6ktfZcq7j/5BhLFeGq/jNzus=,447,AK25KJwY24nrYEkQ0w1tygtw25OvHaXI7JPFtnYXqck=,HGF1lFDd_nYdxUetBxqWxD_PvfZdNAlOuPCF-Ln1itE.avif
QXfyAzjmhDJaVm6djuy6ktfZcq7j/5BhLFeGq/jNzus=,447,SljUa5ZQYene0sj9g3IZg7pScvD4mRkLsIP6hOwle4Q=,-tOu_F2sBmNUDKyKj8PDkOKerzgT2bl3a3qBKOA3G-c.jpg
QXfyAzjmhDJaVm6djuy6ktfZcq7j/5BhLFeGq/jNzus=,447,jXIBwTGfI9JGXsBz3cED66u47qTLz30vxVTqAF5hNuY=,E9PZQNgD93bEVZ4fPJmyn5jqiSQIoMPkX0hoMvmrfGo.webp
IquFbut7IVYxrZSLjkGefSqTR02pDT02/HtYgkoxiXs=,1200,mMKDXf5wNlwk3S0tmyJ5Vw6k+yOSOKxYQ9g25FJE2a0=,Xc3jAI7JnCXyt2RDO_QHEvKJ9r-3q62NzP_BmtYH774.png
